Generic,Real,Float,Double,Complex,ComplexFloat,ComplexDouble,Miscellaneous
bbcsd,bbcsd,sbbcsd.f,dbbcsd.f,bbcsd,cbbcsd.f,zbbcsd.f,
bdsdc,bdsdc,sbdsdc.f,dbdsdc.f,,,,
bdsqr,bdsqr,sbdsqr.f,dbdsqr.f,bdsqr,cbdsqr.f,zbdsqr.f,
cgesv,,,,cgesv,,zcgesv.f,
cposv,,,,cposv,,zcposv.f,
disna,disna,sdisna.f,ddisna.f,,,,
gbbrd,gbbrd,sgbbrd.f,dgbbrd.f,gbbrd,cgbbrd.f,zgbbrd.f,
gbcon,gbcon,sgbcon.f,dgbcon.f,gbcon,cgbcon.f,zgbcon.f,
gbequ,gbequ,sgbequ.f,dgbequ.f,gbequ,cgbequ.f,zgbequ.f,
gbequb,gbequb,sgbequb.f,dgbequb.f,gbequb,cgbequb.f,zgbequb.f,
gbrfs,gbrfs,sgbrfs.f,dgbrfs.f,gbrfs,cgbrfs.f,zgbrfs.f,
gbsv,gbsv,sgbsv.f,dgbsv.f,gbsv,cgbsv.f,zgbsv.f,
gbsvx,gbsvx,sgbsvx.f,dgbsvx.f,gbsvx,cgbsvx.f,zgbsvx.f,
gbtf2,gbtf2,sgbtf2.f,dgbtf2.f,gbtf2,cgbtf2.f,zgbtf2.f,
gbtrf,gbtrf,sgbtrf.f,dgbtrf.f,gbtrf,cgbtrf.f,zgbtrf.f,
gbtrs,gbtrs,sgbtrs.f,dgbtrs.f,gbtrs,cgbtrs.f,zgbtrs.f,
gebak,gebak,sgebak.f,dgebak.f,gebak,cgebak.f,zgebak.f,
gebal,gebal,sgebal.f,dgebal.f,gebal,cgebal.f,zgebal.f,
gebd2,gebd2,sgebd2.f,dgebd2.f,gebd2,cgebd2.f,zgebd2.f,
gebrd,gebrd,sgebrd.f,dgebrd.f,gebrd,cgebrd.f,zgebrd.f,
gecon,gecon,sgecon.f,dgecon.f,gecon,cgecon.f,zgecon.f,
geequ,geequ,sgeequ.f,dgeequ.f,geequ,cgeequ.f,zgeequ.f,
geequb,geequb,sgeequb.f,dgeequb.f,geequb,cgeequb.f,zgeequb.f,
gees,gees,sgees.f,dgees.f,gees,cgees.f,zgees.f,
geesx,geesx,sgeesx.f,dgeesx.f,geesx,cgeesx.f,zgeesx.f,
geev,geev,sgeev.f,dgeev.f,geev,cgeev.f,zgeev.f,
geevx,geevx,sgeevx.f,dgeevx.f,geevx,cgeevx.f,zgeevx.f,
gehd2,gehd2,sgehd2.f,dgehd2.f,gehd2,cgehd2.f,zgehd2.f,
gehrd,gehrd,sgehrd.f,dgehrd.f,gehrd,cgehrd.f,zgehrd.f,
gejsv,gejsv,sgejsv.f,dgejsv.f,,,,
gelq2,gelq2,sgelq2.f,dgelq2.f,gelq2,cgelq2.f,zgelq2.f,
gelqf,gelqf,sgelqf.f,dgelqf.f,gelqf,cgelqf.f,zgelqf.f,
gels,gels,sgels.f,dgels.f,gels,cgels.f,zgels.f,
gelsd,gelsd,sgelsd.f,dgelsd.f,gelsd,cgelsd.f,zgelsd.f,
gelss,gelss,sgelss.f,dgelss.f,gelss,cgelss.f,zgelss.f,
gelsy,gelsy,sgelsy.f,dgelsy.f,gelsy,cgelsy.f,zgelsy.f,
geql2,geql2,sgeql2.f,dgeql2.f,geql2,cgeql2.f,zgeql2.f,
geqlf,geqlf,sgeqlf.f,dgeqlf.f,geqlf,cgeqlf.f,zgeqlf.f,
geqp3,geqp3,sgeqp3.f,dgeqp3.f,geqp3,cgeqp3.f,zgeqp3.f,
geqr2,geqr2,sgeqr2.f,dgeqr2.f,geqr2,cgeqr2.f,zgeqr2.f,
geqr2p,geqr2p,sgeqr2p.f,dgeqr2p.f,geqr2p,cgeqr2p.f,zgeqr2p.f,
geqrf,geqrf,sgeqrf.f,dgeqrf.f,geqrf,cgeqrf.f,zgeqrf.f,
geqrfp,geqrfp,sgeqrfp.f,dgeqrfp.f,geqrfp,cgeqrfp.f,zgeqrfp.f,
gerfs,gerfs,sgerfs.f,dgerfs.f,gerfs,cgerfs.f,zgerfs.f,
gerq2,gerq2,sgerq2.f,dgerq2.f,gerq2,cgerq2.f,zgerq2.f,
gerqf,gerqf,sgerqf.f,dgerqf.f,gerqf,cgerqf.f,zgerqf.f,
gesc2,gesc2,sgesc2.f,dgesc2.f,gesc2,cgesc2.f,zgesc2.f,
gesdd,gesdd,sgesdd.f,dgesdd.f,gesdd,cgesdd.f,zgesdd.f,
gesv,gesv,sgesv.f,dgesv.f,gesv,cgesv.f,zgesv.f,
gesvd,gesvd,sgesvd.f,dgesvd.f,gesvd,cgesvd.f,zgesvd.f,
gesvj,gesvj,sgesvj.f,dgesvj.f,,,,
gesvx,gesvx,sgesvx.f,dgesvx.f,gesvx,cgesvx.f,zgesvx.f,
getc2,getc2,sgetc2.f,dgetc2.f,getc2,cgetc2.f,zgetc2.f,
getf2,getf2,sgetf2.f,dgetf2.f,getf2,cgetf2.f,zgetf2.f,
getrf,getrf,sgetrf.f,dgetrf.f,getrf,cgetrf.f,zgetrf.f,
getri,getri,sgetri.f,dgetri.f,getri,cgetri.f,zgetri.f,
getrs,getrs,sgetrs.f,dgetrs.f,getrs,cgetrs.f,zgetrs.f,
ggbak,ggbak,sggbak.f,dggbak.f,ggbak,cggbak.f,zggbak.f,
ggbal,ggbal,sggbal.f,dggbal.f,ggbal,cggbal.f,zggbal.f,
gges,gges,sgges.f,dgges.f,gges,cgges.f,zgges.f,
ggesx,ggesx,sggesx.f,dggesx.f,ggesx,cggesx.f,zggesx.f,
ggev,ggev,sggev.f,dggev.f,ggev,cggev.f,zggev.f,
ggevx,ggevx,sggevx.f,dggevx.f,ggevx,cggevx.f,zggevx.f,
ggglm,ggglm,sggglm.f,dggglm.f,ggglm,cggglm.f,zggglm.f,
gghrd,gghrd,sgghrd.f,dgghrd.f,gghrd,cgghrd.f,zgghrd.f,
gglse,gglse,sgglse.f,dgglse.f,gglse,cgglse.f,zgglse.f,
ggqrf,ggqrf,sggqrf.f,dggqrf.f,ggqrf,cggqrf.f,zggqrf.f,
ggrqf,ggrqf,sggrqf.f,dggrqf.f,ggrqf,cggrqf.f,zggrqf.f,
gsvj0,gsvj0,sgsvj0.f,dgsvj0.f,,,,
gsvj1,gsvj1,sgsvj1.f,dgsvj1.f,,,,
gtcon,gtcon,sgtcon.f,dgtcon.f,gtcon,cgtcon.f,zgtcon.f,
gtrfs,gtrfs,sgtrfs.f,dgtrfs.f,gtrfs,cgtrfs.f,zgtrfs.f,
gtsv,gtsv,sgtsv.f,dgtsv.f,gtsv,cgtsv.f,zgtsv.f,
gtsvx,gtsvx,sgtsvx.f,dgtsvx.f,gtsvx,cgtsvx.f,zgtsvx.f,
gttrf,gttrf,sgttrf.f,dgttrf.f,gttrf,cgttrf.f,zgttrf.f,
gttrs,gttrs,sgttrs.f,dgttrs.f,gttrs,cgttrs.f,zgttrs.f,
gtts2,gtts2,sgtts2.f,dgtts2.f,gtts2,cgtts2.f,zgtts2.f,
hbev,sbev,ssbev.f,dsbev.f,hbev,chbev.f,zhbev.f,
hbevd,sbevd,ssbevd.f,dsbevd.f,hbevd,chbevd.f,zhbevd.f,
hbevx,sbevx,ssbevx.f,dsbevx.f,hbevx,chbevx.f,zhbevx.f,
hbgst,sbgst,ssbgst.f,dsbgst.f,hbgst,chbgst.f,zhbgst.f,
hbgv,sbgv,ssbgv.f,dsbgv.f,hbgv,chbgv.f,zhbgv.f,
hbgvd,sbgvd,ssbgvd.f,dsbgvd.f,hbgvd,chbgvd.f,zhbgvd.f,
hbgvx,sbgvx,ssbgvx.f,dsbgvx.f,hbgvx,chbgvx.f,zhbgvx.f,
hbtrd,sbtrd,ssbtrd.f,dsbtrd.f,hbtrd,chbtrd.f,zhbtrd.f,
hecon,,,,hecon,checon.f,zhecon.f,
heequb,,,,heequb,cheequb.f,zheequb.f,
heev,syev,ssyev.f,dsyev.f,heev,cheev.f,zheev.f,
heevd,syevd,ssyevd.f,dsyevd.f,heevd,cheevd.f,zheevd.f,
heevr,syevr,ssyevr.f,dsyevr.f,heevr,cheevr.f,zheevr.f,
heevx,syevx,ssyevx.f,dsyevx.f,heevx,cheevx.f,zheevx.f,
hegs2,sygs2,ssygs2.f,dsygs2.f,hegs2,chegs2.f,zhegs2.f,
hegst,sygst,ssygst.f,dsygst.f,hegst,chegst.f,zhegst.f,
hegv,sygv,ssygv.f,dsygv.f,hegv,chegv.f,zhegv.f,
hegvd,sygvd,ssygvd.f,dsygvd.f,hegvd,chegvd.f,zhegvd.f,
hegvx,sygvx,ssygvx.f,dsygvx.f,hegvx,chegvx.f,zhegvx.f,
herfs,,,,herfs,cherfs.f,zherfs.f,
hesv,,,,hesv,chesv.f,zhesv.f,
hesvx,,,,hesvx,chesvx.f,zhesvx.f,
heswapr,,,,heswapr,cheswapr.f,zheswapr.f,
hetd2,,,,hetd2,chetd2.f,zhetd2.f,
hetf2,,,,hetf2,chetf2.f,zhetf2.f,
hetrd,,,,hetrd,chetrd.f,zhetrd.f,
hetrf,,,,hetrf,chetrf.f,zhetrf.f,
hetri,,,,hetri,chetri.f,zhetri.f,
hetri2,,,,hetri2,chetri2.f,zhetri2.f,
hetri2x,,,,hetri2x,chetri2x.f,zhetri2x.f,
hetrs,,,,hetrs,chetrs.f,zhetrs.f,
hetrs2,,,,hetrs2,chetrs2.f,zhetrs2.f,
hfrk,sfrk,ssfrk.f,dsfrk.f,hfrk,chfrk.f,zhfrk.f,
hgeqz,hgeqz,shgeqz.f,dhgeqz.f,hgeqz,chgeqz.f,zhgeqz.f,
hpcon,,,,hpcon,chpcon.f,zhpcon.f,
hpev,spev,sspev.f,dspev.f,hpev,chpev.f,zhpev.f,
hpevd,spevd,sspevd.f,dspevd.f,hpevd,chpevd.f,zhpevd.f,
hpevx,spevx,sspevx.f,dspevx.f,hpevx,chpevx.f,zhpevx.f,
hpgst,spgst,sspgst.f,dspgst.f,hpgst,chpgst.f,zhpgst.f,
hpgv,spgv,sspgv.f,dspgv.f,hpgv,chpgv.f,zhpgv.f,
hpgvd,spgvd,sspgvd.f,dspgvd.f,hpgvd,chpgvd.f,zhpgvd.f,
hpgvx,spgvx,sspgvx.f,dspgvx.f,hpgvx,chpgvx.f,zhpgvx.f,
hprfs,!sprfs,!ssprfs.f,!dsprfs.f,hprfs,chprfs.f,zhprfs.f,
hpsv,!spsv,!sspsv.f,!dspsv.f,hpsv,chpsv.f,zhpsv.f,
hpsvx,!spsvx,!sspsvx.f,!dspsvx.f,hpsvx,chpsvx.f,zhpsvx.f,
hptrd,sptrd,ssptrd.f,dsptrd.f,hptrd,chptrd.f,zhptrd.f,
hptrf,!sptrf,!ssptrf.f,!dsptrf.f,hptrf,chptrf.f,zhptrf.f,
hptri,!sptri,!ssptri.f,!dsptri.f,hptri,chptri.f,zhptri.f,
hptrs,!sptrs,!ssptrs.f,!dsptrs.f,hptrs,chptrs.f,zhptrs.f,
hsein,hsein,shsein.f,dhsein.f,hsein,chsein.f,zhsein.f,
hseqr,hseqr,shseqr.f,dhseqr.f,hseqr,chseqr.f,zhseqr.f,
ilalc,ilalc,ilaslc.f,iladlc.f,ilalc,ilaclc.f,ilazlc.f,
ilalr,ilalr,ilaslr.f,iladlr.f,ilalr,ilaclr.f,ilazlr.f,
imax1,,,,imax1,icmax1.f,izmax1.f,
isnan,isnan,sisnan.f,disnan.f,,,,
labad,labad,slabad.f,dlabad.f,,,,
labrd,labrd,slabrd.f,dlabrd.f,labrd,clabrd.f,zlabrd.f,
lacgv,,,,lacgv,clacgv.f,zlacgv.f,
lacn2,lacn2,slacn2.f,dlacn2.f,lacn2,clacn2.f,zlacn2.f,
lacon,lacon,slacon.f,dlacon.f,lacon,clacon.f,zlacon.f,
lacp2,,,,lacp2,clacp2.f,zlacp2.f,
lacpy,lacpy,slacpy.f,dlacpy.f,lacpy,clacpy.f,zlacpy.f,
lacrm,,,,lacrm,clacrm.f,zlacrm.f,
lacrt,,,,lacrt,clacrt.f,zlacrt.f,
ladiv,ladiv,sladiv.f,dladiv.f,ladiv,cladiv.f,zladiv.f,
lae2,lae2,slae2.f,dlae2.f,,,,
laebz,laebz,slaebz.f,dlaebz.f,,,,
laed0,laed0,slaed0.f,dlaed0.f,laed0,claed0.f,zlaed0.f,
laed1,laed1,slaed1.f,dlaed1.f,,,,
laed2,laed2,slaed2.f,dlaed2.f,,,,
laed3,laed3,slaed3.f,dlaed3.f,,,,
laed4,laed4,slaed4.f,dlaed4.f,,,,
laed5,laed5,slaed5.f,dlaed5.f,,,,
laed6,laed6,slaed6.f,dlaed6.f,,,,
laed7,laed7,slaed7.f,dlaed7.f,laed7,claed7.f,zlaed7.f,
laed8,laed8,slaed8.f,dlaed8.f,laed8,claed8.f,zlaed8.f,
laed9,laed9,slaed9.f,dlaed9.f,,,,
laeda,laeda,slaeda.f,dlaeda.f,,,,
laein,laein,slaein.f,dlaein.f,laein,claein.f,zlaein.f,
laesy,,,,laesy,claesy.f,zlaesy.f,
laev2,laev2,slaev2.f,dlaev2.f,laev2,claev2.f,zlaev2.f,
laexc,laexc,slaexc.f,dlaexc.f,,,,
lag2,lag2,slag2.f,dlag2.f,,,,
lag2c,lag2c,,,lag2c,,zlag2c.f,
lag2d,lag2d,slag2d.f,,,,,
lag2s,lag2s,,dlag2s.f,,,,
lag2z,lag2z,,,lag2z,clag2z.f,,
lags2,lags2,slags2.f,dlags2.f,lags2,clags2.f,zlags2.f,
lagtf,lagtf,slagtf.f,dlagtf.f,,,,
lagtm,lagtm,slagtm.f,dlagtm.f,lagtm,clagtm.f,zlagtm.f,
lagts,lagts,slagts.f,dlagts.f,,,,
lagv2,lagv2,slagv2.f,dlagv2.f,,,,
lahef,,,,lahef,clahef.f,zlahef.f,
lahqr,lahqr,slahqr.f,dlahqr.f,lahqr,clahqr.f,zlahqr.f,
lahr2,lahr2,slahr2.f,dlahr2.f,lahr2,clahr2.f,zlahr2.f,
laic1,laic1,slaic1.f,dlaic1.f,laic1,claic1.f,zlaic1.f,
laisnan,laisnan,slaisnan.f,dlaisnan.f,,,,
laln2,laln2,slaln2.f,dlaln2.f,,,,
lals0,lals0,slals0.f,dlals0.f,lals0,clals0.f,zlals0.f,
lalsa,lalsa,slalsa.f,dlalsa.f,lalsa,clalsa.f,zlalsa.f,
lalsd,lalsd,slalsd.f,dlalsd.f,lalsd,clalsd.f,zlalsd.f,
lamrg,lamrg,slamrg.f,dlamrg.f,,,,
laneg,laneg,slaneg.f,dlaneg.f,,,,
langb,langb,slangb.f,dlangb.f,langb,clangb.f,zlangb.f,
lange,lange,slange.f,dlange.f,lange,clange.f,zlange.f,
langt,langt,slangt.f,dlangt.f,langt,clangt.f,zlangt.f,
lanhb,,,,lanhb,clanhb.f,zlanhb.f,
lanhe,,,,lanhe,clanhe.f,zlanhe.f,
lanhf,,,,lanhf,clanhf.f,zlanhf.f,
lanhp,,,,lanhp,clanhp.f,zlanhp.f,
lanhs,lanhs,slanhs.f,dlanhs.f,lanhs,clanhs.f,zlanhs.f,
lanht,,,,lanht,clanht.f,zlanht.f,
lansb,lansb,slansb.f,dlansb.f,lansb,clansb.f,zlansb.f,
lansf,lansf,slansf.f,dlansf.f,,,,
lansp,lansp,slansp.f,dlansp.f,lansp,clansp.f,zlansp.f,
lanst,lanst,slanst.f,dlanst.f,,,,
lansy,lansy,slansy.f,dlansy.f,lansy,clansy.f,zlansy.f,
lantb,lantb,slantb.f,dlantb.f,lantb,clantb.f,zlantb.f,
lantp,lantp,slantp.f,dlantp.f,lantp,clantp.f,zlantp.f,
lantr,lantr,slantr.f,dlantr.f,lantr,clantr.f,zlantr.f,
lanv2,lanv2,slanv2.f,dlanv2.f,,,,
lapll,lapll,slapll.f,dlapll.f,lapll,clapll.f,zlapll.f,
lapmr,lapmr,slapmr.f,dlapmr.f,lapmr,clapmr.f,zlapmr.f,
lapmt,lapmt,slapmt.f,dlapmt.f,lapmt,clapmt.f,zlapmt.f,
lapy2,lapy2,slapy2.f,dlapy2.f,,,,
lapy3,lapy3,slapy3.f,dlapy3.f,,,,
laqgb,laqgb,slaqgb.f,dlaqgb.f,laqgb,claqgb.f,zlaqgb.f,
laqge,laqge,slaqge.f,dlaqge.f,laqge,claqge.f,zlaqge.f,
laqhb,,,,laqhb,claqhb.f,zlaqhb.f,
laqhe,,,,laqhe,claqhe.f,zlaqhe.f,
laqhp,,,,laqhp,claqhp.f,zlaqhp.f,
laqp2,laqp2,slaqp2.f,dlaqp2.f,laqp2,claqp2.f,zlaqp2.f,
laqps,laqps,slaqps.f,dlaqps.f,laqps,claqps.f,zlaqps.f,
laqr0,laqr0,slaqr0.f,dlaqr0.f,laqr0,claqr0.f,zlaqr0.f,
laqr1,laqr1,slaqr1.f,dlaqr1.f,laqr1,claqr1.f,zlaqr1.f,
laqr2,laqr2,slaqr2.f,dlaqr2.f,laqr2,claqr2.f,zlaqr2.f,
laqr3,laqr3,slaqr3.f,dlaqr3.f,laqr3,claqr3.f,zlaqr3.f,
laqr4,laqr4,slaqr4.f,dlaqr4.f,laqr4,claqr4.f,zlaqr4.f,
laqr5,laqr5,slaqr5.f,dlaqr5.f,laqr5,claqr5.f,zlaqr5.f,
laqsb,laqsb,slaqsb.f,dlaqsb.f,laqsb,claqsb.f,zlaqsb.f,
laqsp,laqsp,slaqsp.f,dlaqsp.f,laqsp,claqsp.f,zlaqsp.f,
laqsy,laqsy,slaqsy.f,dlaqsy.f,laqsy,claqsy.f,zlaqsy.f,
laqtr,laqtr,slaqtr.f,dlaqtr.f,,,,
lar1v,lar1v,slar1v.f,dlar1v.f,lar1v,clar1v.f,zlar1v.f,
lar2v,lar2v,slar2v.f,dlar2v.f,lar2v,clar2v.f,zlar2v.f,
larcm,,,,larcm,clarcm.f,zlarcm.f,
larf,larf,slarf.f,dlarf.f,larf,clarf.f,zlarf.f,
larfb,larfb,slarfb.f,dlarfb.f,larfb,clarfb.f,zlarfb.f,
larfg,larfg,slarfg.f,dlarfg.f,larfg,clarfg.f,zlarfg.f,
larfgp,larfgp,slarfgp.f,dlarfgp.f,larfgp,clarfgp.f,zlarfgp.f,
larft,larft,slarft.f,dlarft.f,larft,clarft.f,zlarft.f,
larfx,larfx,slarfx.f,dlarfx.f,larfx,clarfx.f,zlarfx.f,
largv,largv,slargv.f,dlargv.f,largv,clargv.f,zlargv.f,
larnv,larnv,slarnv.f,dlarnv.f,larnv,clarnv.f,zlarnv.f,
larra,larra,slarra.f,dlarra.f,,,,
larrb,larrb,slarrb.f,dlarrb.f,,,,
larrc,larrc,slarrc.f,dlarrc.f,,,,
larrd,larrd,slarrd.f,dlarrd.f,,,,
larre,larre,slarre.f,dlarre.f,,,,
larrf,larrf,slarrf.f,dlarrf.f,,,,
larrj,larrj,slarrj.f,dlarrj.f,,,,
larrk,larrk,slarrk.f,dlarrk.f,,,,
larrr,larrr,slarrr.f,dlarrr.f,,,,
larrv,larrv,slarrv.f,dlarrv.f,larrv,clarrv.f,zlarrv.f,
lartg,lartg,slartg.f,dlartg.f,lartg,clartg.f,zlartg.f,
lartgp,lartgp,slartgp.f,dlartgp.f,,,,
lartgs,lartgs,slartgs.f,dlartgs.f,,,,
lartv,lartv,slartv.f,dlartv.f,lartv,clartv.f,zlartv.f,
laruv,laruv,slaruv.f,dlaruv.f,,,,
larz,larz,slarz.f,dlarz.f,larz,clarz.f,zlarz.f,
larzb,larzb,slarzb.f,dlarzb.f,larzb,clarzb.f,zlarzb.f,
larzt,larzt,slarzt.f,dlarzt.f,larzt,clarzt.f,zlarzt.f,
las2,las2,slas2.f,dlas2.f,,,,
lascl,lascl,slascl.f,dlascl.f,lascl,clascl.f,zlascl.f,
lasd0,lasd0,slasd0.f,dlasd0.f,,,,
lasd1,lasd1,slasd1.f,dlasd1.f,,,,
lasd2,lasd2,slasd2.f,dlasd2.f,,,,
lasd3,lasd3,slasd3.f,dlasd3.f,,,,
lasd4,lasd4,slasd4.f,dlasd4.f,,,,
lasd5,lasd5,slasd5.f,dlasd5.f,,,,
lasd6,lasd6,slasd6.f,dlasd6.f,,,,
lasd7,lasd7,slasd7.f,dlasd7.f,,,,
lasd8,lasd8,slasd8.f,dlasd8.f,,,,
lasda,lasda,slasda.f,dlasda.f,,,,
lasdq,lasdq,slasdq.f,dlasdq.f,,,,
lasdt,lasdt,slasdt.f,,,,,
lasdt,lasdt,,dlasdt.f,,,,
laset,laset,slaset.f,dlaset.f,laset,claset.f,zlaset.f,
lasq1,lasq1,slasq1.f,dlasq1.f,,,,
lasq2,lasq2,slasq2.f,dlasq2.f,,,,
lasq4,lasq4,slasq4.f,dlasq4.f,,,,
lasq5,lasq5,slasq5.f,dlasq5.f,,,,
lasq6,lasq6,slasq6.f,dlasq6.f,,,,
lasr,lasr,slasr.f,dlasr.f,lasr,clasr.f,zlasr.f,
lasrt,lasrt,slasrt.f,dlasrt.f,,,,
lassq,lassq,slassq.f,dlassq.f,lassq,classq.f,zlassq.f,
lasv2,lasv2,slasv2.f,dlasv2.f,,,,
laswp,laswp,slaswp.f,dlaswp.f,laswp,claswp.f,zlaswp.f,
lasy2,lasy2,slasy2.f,dlasy2.f,,,,
lasyf,lasyf,slasyf.f,dlasyf.f,lasyf,clasyf.f,zlasyf.f,
lat2c,,,,lat2c,,zlat2c.f,
lat2s,lat2s,,dlat2s.f,,,,
latbs,latbs,slatbs.f,dlatbs.f,latbs,clatbs.f,zlatbs.f,
latdf,latdf,slatdf.f,dlatdf.f,latdf,clatdf.f,zlatdf.f,
latps,latps,slatps.f,dlatps.f,latps,clatps.f,zlatps.f,
latrd,latrd,slatrd.f,dlatrd.f,latrd,clatrd.f,zlatrd.f,
latrs,latrs,slatrs.f,dlatrs.f,latrs,clatrs.f,zlatrs.f,
latrz,latrz,slatrz.f,dlatrz.f,latrz,clatrz.f,zlatrz.f,
lauu2,lauu2,slauu2.f,dlauu2.f,lauu2,clauu2.f,zlauu2.f,
lauum,lauum,slauum.f,dlauum.f,lauum,clauum.f,zlauum.f,
orbdb,orbdb,sorbdb.f,dorbdb.f,,,,
orcsd,orcsd,sorcsd.f,dorcsd.f,,,,
pbcon,pbcon,spbcon.f,dpbcon.f,pbcon,cpbcon.f,zpbcon.f,
pbequ,pbequ,spbequ.f,dpbequ.f,pbequ,cpbequ.f,zpbequ.f,
pbrfs,pbrfs,spbrfs.f,dpbrfs.f,pbrfs,cpbrfs.f,zpbrfs.f,
pbstf,pbstf,spbstf.f,dpbstf.f,pbstf,cpbstf.f,zpbstf.f,
pbsv,pbsv,spbsv.f,dpbsv.f,pbsv,cpbsv.f,zpbsv.f,
pbsvx,pbsvx,spbsvx.f,dpbsvx.f,pbsvx,cpbsvx.f,zpbsvx.f,
pbtf2,pbtf2,spbtf2.f,dpbtf2.f,pbtf2,cpbtf2.f,zpbtf2.f,
pbtrf,pbtrf,spbtrf.f,dpbtrf.f,pbtrf,cpbtrf.f,zpbtrf.f,
pbtrs,pbtrs,spbtrs.f,dpbtrs.f,pbtrs,cpbtrs.f,zpbtrs.f,
pftrf,pftrf,spftrf.f,dpftrf.f,pftrf,cpftrf.f,zpftrf.f,
pftri,pftri,spftri.f,dpftri.f,pftri,cpftri.f,zpftri.f,
pftrs,pftrs,spftrs.f,dpftrs.f,pftrs,cpftrs.f,zpftrs.f,
pocon,pocon,spocon.f,dpocon.f,pocon,cpocon.f,zpocon.f,
poequ,poequ,spoequ.f,dpoequ.f,poequ,cpoequ.f,zpoequ.f,
poequb,poequb,spoequb.f,dpoequb.f,poequb,cpoequb.f,zpoequb.f,
porfs,porfs,sporfs.f,dporfs.f,porfs,cporfs.f,zporfs.f,
posv,posv,sposv.f,dposv.f,posv,cposv.f,zposv.f,
posvx,posvx,sposvx.f,dposvx.f,posvx,cposvx.f,zposvx.f,
potf2,potf2,spotf2.f,dpotf2.f,potf2,cpotf2.f,zpotf2.f,
potrf,potrf,spotrf.f,dpotrf.f,potrf,cpotrf.f,zpotrf.f,
potri,potri,spotri.f,dpotri.f,potri,cpotri.f,zpotri.f,
potrs,potrs,spotrs.f,dpotrs.f,potrs,cpotrs.f,zpotrs.f,
ppcon,ppcon,sppcon.f,dppcon.f,ppcon,cppcon.f,zppcon.f,
ppequ,ppequ,sppequ.f,dppequ.f,ppequ,cppequ.f,zppequ.f,
pprfs,pprfs,spprfs.f,dpprfs.f,pprfs,cpprfs.f,zpprfs.f,
ppsv,ppsv,sppsv.f,dppsv.f,ppsv,cppsv.f,zppsv.f,
ppsvx,ppsvx,sppsvx.f,dppsvx.f,ppsvx,cppsvx.f,zppsvx.f,
pptrf,pptrf,spptrf.f,dpptrf.f,pptrf,cpptrf.f,zpptrf.f,
pptri,pptri,spptri.f,dpptri.f,pptri,cpptri.f,zpptri.f,
pptrs,pptrs,spptrs.f,dpptrs.f,pptrs,cpptrs.f,zpptrs.f,
pstf2,pstf2,spstf2.f,dpstf2.f,pstf2,cpstf2.f,zpstf2.f,
pstrf,pstrf,spstrf.f,dpstrf.f,pstrf,cpstrf.f,zpstrf.f,
ptcon,ptcon,sptcon.f,dptcon.f,ptcon,cptcon.f,zptcon.f,
pteqr,pteqr,spteqr.f,dpteqr.f,pteqr,cpteqr.f,zpteqr.f,
ptrfs,ptrfs,sptrfs.f,dptrfs.f,ptrfs,cptrfs.f,zptrfs.f,
ptsv,ptsv,sptsv.f,dptsv.f,ptsv,cptsv.f,zptsv.f,
ptsvx,ptsvx,sptsvx.f,dptsvx.f,ptsvx,cptsvx.f,zptsvx.f,
pttrf,pttrf,spttrf.f,dpttrf.f,pttrf,cpttrf.f,zpttrf.f,
pttrs,pttrs,spttrs.f,dpttrs.f,pttrs,cpttrs.f,zpttrs.f,
ptts2,ptts2,sptts2.f,dptts2.f,ptts2,cptts2.f,zptts2.f,
rot,,,,rot,crot.f,zrot.f,
rscl,rscl,srscl.f,drscl.f,rscl,csrscl.f,zdrscl.f,
sgesv,sgesv,,dsgesv.f,,,,
spcon,spcon,sspcon.f,dspcon.f,spcon,cspcon.f,zspcon.f,
spmv,,,,spmv,cspmv.f,zspmv.f,
sposv,sposv,,dsposv.f,,,,
spr,,,,spr,cspr.f,zspr.f,
sprfs,sprfs,ssprfs.f,dsprfs.f,sprfs,csprfs.f,zsprfs.f,
spsv,spsv,sspsv.f,dspsv.f,spsv,cspsv.f,zspsv.f,
spsvx,spsvx,sspsvx.f,dspsvx.f,spsvx,cspsvx.f,zspsvx.f,
sptrf,sptrf,ssptrf.f,dsptrf.f,sptrf,csptrf.f,zsptrf.f,
sptri,sptri,ssptri.f,dsptri.f,sptri,csptri.f,zsptri.f,
sptrs,sptrs,ssptrs.f,dsptrs.f,sptrs,csptrs.f,zsptrs.f,
stebz,stebz,sstebz.f,dstebz.f,stebz,,,
stedc,stedc,sstedc.f,dstedc.f,stedc,cstedc.f,zstedc.f,
stegr,stegr,sstegr.f,dstegr.f,stegr,cstegr.f,zstegr.f,
stein,stein,sstein.f,dstein.f,stein,cstein.f,zstein.f,
stemr,stemr,sstemr.f,dstemr.f,stemr,cstemr.f,zstemr.f,
steqr,steqr,ssteqr.f,dsteqr.f,steqr,csteqr.f,zsteqr.f,
sterf,sterf,ssterf.f,dsterf.f,,,,
stev,stev,sstev.f,dstev.f,,,,
stevd,stevd,sstevd.f,dstevd.f,,,,
stevr,stevr,sstevr.f,dstevr.f,,,,
stevx,stevx,sstevx.f,dstevx.f,,,,
sum1,,,,sum1,scsum1.f,dzsum1.f,
sycon,sycon,ssycon.f,dsycon.f,sycon,csycon.f,zsycon.f,
syconv,syconv,ssyconv.f,dsyconv.f,syconv,csyconv.f,zsyconv.f,
syequb,syequb,ssyequb.f,dsyequb.f,syequb,csyequb.f,zsyequb.f,
symv,,,,symv,csymv.f,zsymv.f,
syr,,,,syr,csyr.f,zsyr.f,
syrfs,syrfs,ssyrfs.f,dsyrfs.f,syrfs,csyrfs.f,zsyrfs.f,
sysv,sysv,ssysv.f,dsysv.f,sysv,csysv.f,zsysv.f,
sysvx,sysvx,ssysvx.f,dsysvx.f,sysvx,csysvx.f,zsysvx.f,
syswapr,syswapr,ssyswapr.f,dsyswapr.f,syswapr,csyswapr.f,zsyswapr.f,
sytd2,sytd2,ssytd2.f,dsytd2.f,,,,
sytf2,sytf2,ssytf2.f,dsytf2.f,sytf2,csytf2.f,zsytf2.f,
sytrd,sytrd,ssytrd.f,dsytrd.f,,,,
sytrf,sytrf,ssytrf.f,dsytrf.f,sytrf,csytrf.f,zsytrf.f,
sytri,sytri,ssytri.f,dsytri.f,sytri,csytri.f,zsytri.f,
sytri2,sytri2,ssytri2.f,dsytri2.f,sytri2,csytri2.f,zsytri2.f,
sytri2x,sytri2x,ssytri2x.f,dsytri2x.f,sytri2x,csytri2x.f,zsytri2x.f,
sytrs,sytrs,ssytrs.f,dsytrs.f,sytrs,csytrs.f,zsytrs.f,
sytrs2,sytrs2,ssytrs2.f,dsytrs2.f,sytrs2,csytrs2.f,zsytrs2.f,
tbcon,tbcon,stbcon.f,dtbcon.f,tbcon,ctbcon.f,ztbcon.f,
tbrfs,tbrfs,stbrfs.f,dtbrfs.f,tbrfs,ctbrfs.f,ztbrfs.f,
tbtrs,tbtrs,stbtrs.f,dtbtrs.f,tbtrs,ctbtrs.f,ztbtrs.f,
tfsm,tfsm,stfsm.f,dtfsm.f,tfsm,ctfsm.f,ztfsm.f,
tftri,tftri,stftri.f,dtftri.f,tftri,ctftri.f,ztftri.f,
tfttp,tfttp,stfttp.f,dtfttp.f,tfttp,ctfttp.f,ztfttp.f,
tfttr,tfttr,stfttr.f,dtfttr.f,tfttr,ctfttr.f,ztfttr.f,
tgevc,tgevc,stgevc.f,dtgevc.f,tgevc,ctgevc.f,ztgevc.f,
tgex2,tgex2,stgex2.f,dtgex2.f,tgex2,ctgex2.f,ztgex2.f,
tgexc,tgexc,stgexc.f,dtgexc.f,tgexc,ctgexc.f,ztgexc.f,
tgsen,tgsen,stgsen.f,dtgsen.f,tgsen,ctgsen.f,ztgsen.f,
tgsja,tgsja,stgsja.f,dtgsja.f,tgsja,ctgsja.f,ztgsja.f,
tgsna,tgsna,stgsna.f,dtgsna.f,tgsna,ctgsna.f,ztgsna.f,
tgsy2,tgsy2,stgsy2.f,dtgsy2.f,tgsy2,ctgsy2.f,ztgsy2.f,
tgsyl,tgsyl,stgsyl.f,dtgsyl.f,tgsyl,ctgsyl.f,ztgsyl.f,
tpcon,tpcon,stpcon.f,dtpcon.f,tpcon,ctpcon.f,ztpcon.f,
tprfs,tprfs,stprfs.f,dtprfs.f,tprfs,ctprfs.f,ztprfs.f,
tptri,tptri,stptri.f,dtptri.f,tptri,ctptri.f,ztptri.f,
tptrs,tptrs,stptrs.f,dtptrs.f,tptrs,ctptrs.f,ztptrs.f,
tpttf,tpttf,stpttf.f,dtpttf.f,tpttf,ctpttf.f,ztpttf.f,
tpttr,tpttr,stpttr.f,dtpttr.f,tpttr,ctpttr.f,ztpttr.f,
trcon,trcon,strcon.f,dtrcon.f,trcon,ctrcon.f,ztrcon.f,
trevc,trevc,strevc.f,dtrevc.f,trevc,ctrevc.f,ztrevc.f,
trexc,trexc,strexc.f,dtrexc.f,trexc,ctrexc.f,ztrexc.f,
trrfs,trrfs,strrfs.f,dtrrfs.f,trrfs,ctrrfs.f,ztrrfs.f,
trsen,trsen,strsen.f,dtrsen.f,trsen,ctrsen.f,ztrsen.f,
trsna,trsna,strsna.f,dtrsna.f,trsna,ctrsna.f,ztrsna.f,
trsyl,trsyl,strsyl.f,dtrsyl.f,trsyl,ctrsyl.f,ztrsyl.f,
trti2,trti2,strti2.f,dtrti2.f,trti2,ctrti2.f,ztrti2.f,
trtri,trtri,strtri.f,dtrtri.f,trtri,ctrtri.f,ztrtri.f,
trtrs,trtrs,strtrs.f,dtrtrs.f,trtrs,ctrtrs.f,ztrtrs.f,
trttf,trttf,strttf.f,dtrttf.f,trttf,ctrttf.f,ztrttf.f,
trttp,trttp,strttp.f,dtrttp.f,trttp,ctrttp.f,ztrttp.f,
tzrzf,tzrzf,stzrzf.f,dtzrzf.f,tzrzf,ctzrzf.f,ztzrzf.f,
unbdb,,,,unbdb,cunbdb.f,zunbdb.f,
uncsd,,,,uncsd,cuncsd.f,zuncsd.f,
ung2l,org2l,sorg2l.f,dorg2l.f,ung2l,cung2l.f,zung2l.f,
ung2r,org2r,sorg2r.f,dorg2r.f,ung2r,cung2r.f,zung2r.f,
ungbr,orgbr,sorgbr.f,dorgbr.f,ungbr,cungbr.f,zungbr.f,
unghr,orghr,sorghr.f,dorghr.f,unghr,cunghr.f,zunghr.f,
ungl2,orgl2,sorgl2.f,dorgl2.f,ungl2,cungl2.f,zungl2.f,
unglq,orglq,sorglq.f,dorglq.f,unglq,cunglq.f,zunglq.f,
ungql,orgql,sorgql.f,dorgql.f,ungql,cungql.f,zungql.f,
ungqr,orgqr,sorgqr.f,dorgqr.f,ungqr,cungqr.f,zungqr.f,
ungr2,orgr2,sorgr2.f,dorgr2.f,ungr2,cungr2.f,zungr2.f,
ungrq,orgrq,sorgrq.f,dorgrq.f,ungrq,cungrq.f,zungrq.f,
ungtr,orgtr,sorgtr.f,dorgtr.f,ungtr,cungtr.f,zungtr.f,
unm2l,orm2l,sorm2l.f,dorm2l.f,unm2l,cunm2l.f,zunm2l.f,
unm2r,orm2r,sorm2r.f,dorm2r.f,unm2r,cunm2r.f,zunm2r.f,
unmbr,ormbr,sormbr.f,dormbr.f,unmbr,cunmbr.f,zunmbr.f,
unmhr,ormhr,sormhr.f,dormhr.f,unmhr,cunmhr.f,zunmhr.f,
unml2,orml2,sorml2.f,dorml2.f,unml2,cunml2.f,zunml2.f,
unmlq,ormlq,sormlq.f,dormlq.f,unmlq,cunmlq.f,zunmlq.f,
unmql,ormql,sormql.f,dormql.f,unmql,cunmql.f,zunmql.f,
unmqr,ormqr,sormqr.f,dormqr.f,unmqr,cunmqr.f,zunmqr.f,
unmr2,ormr2,sormr2.f,dormr2.f,unmr2,cunmr2.f,zunmr2.f,
unmr3,ormr3,sormr3.f,dormr3.f,unmr3,cunmr3.f,zunmr3.f,
unmrq,ormrq,sormrq.f,dormrq.f,unmrq,cunmrq.f,zunmrq.f,
unmrz,ormrz,sormrz.f,dormrz.f,unmrz,cunmrz.f,zunmrz.f,
unmtr,ormtr,sormtr.f,dormtr.f,unmtr,cunmtr.f,zunmtr.f,
upgtr,opgtr,sopgtr.f,dopgtr.f,upgtr,cupgtr.f,zupgtr.f,
upmtr,opmtr,sopmtr.f,dopmtr.f,upmtr,cupmtr.f,zupmtr.f,
chla_transtype,,,,,,,chla_transtype.f
ieeeck,,,,,,,ieeeck.f
ladiag,,,,,,,iladiag.f
laprec,,,,,,,ilaprec.f
latrans,,,,,,,ilatrans.f
lauplo,,,,,,,ilauplo.f
